{
  "view/App.view.xml": 1689153954260,
  "controller/View1.controller.js": 1689153954264,
  "model/models.js": 1689153954260,
  "controller/App.controller.js": 1689153954260,
  "manifest.json": 1689154061769,
  "Component.js": 1689153954252,
  "controller/View1-dbg.controller.js": 1689153954264,
  "controller/View1.controller.js.map": 1689154062027,
  "model/models-dbg.js": 1689153954260,
  "model/models.js.map": 1689154062024,
  "controller/App-dbg.controller.js": 1689153954260,
  "controller/App.controller.js.map": 1689154062007,
  "Component-dbg.js": 1689153954252,
  "Component.js.map": 1689154062014,
  "Component-preload.js": 1689154062194,
  "Component-preload.js.map": 1689154062194,
  "view/View1.view.xml": 1689153954264,
  "i18n/i18n.properties": 1689153954256,
  "css/style.css": 1689153954260,
  "index.html": 1689153954252
}